course_id,date,course_title,count
04ba6d0b40670c43a209141fa01fa784,2016-03,Анимация интерфейсов,0.0
04ba6d0b40670c43a209141fa01fa784,2016-04,Анимация интерфейсов,0.0
04ba6d0b40670c43a209141fa01fa784,2016-05,Анимация интерфейсов,0.0
04ba6d0b40670c43a209141fa01fa784,2016-06,Анимация интерфейсов,0.0
04ba6d0b40670c43a209141fa01fa784,2016-07,Анимация интерфейсов,0.0
04ba6d0b40670c43a209141fa01fa784,2016-08,Анимация интерфейсов,0.0
04ba6d0b40670c43a209141fa01fa784,2016-09,Анимация интерфейсов,0.0
04ba6d0b40670c43a209141fa01fa784,2016-10,Анимация интерфейсов,0.0
04ba6d0b40670c43a209141fa01fa784,2016-11,Анимация интерфейсов,0.0
04ba6d0b40670c43a209141fa01fa784,2016-12,Анимация интерфейсов,0.0
04ba6d0b40670c43a209141fa01fa784,2017-01,Анимация интерфейсов,0.0
04ba6d0b40670c43a209141fa01fa784,2017-02,Анимация интерфейсов,0.0
04ba6d0b40670c43a209141fa01fa784,2017-03,Анимация интерфейсов,0.0
04ba6d0b40670c43a209141fa01fa784,2017-04,Анимация интерфейсов,0.0
04ba6d0b40670c43a209141fa01fa784,2017-05,Анимация интерфейсов,0.0
04ba6d0b40670c43a209141fa01fa784,2017-06,Анимация интерфейсов,0.0
04ba6d0b40670c43a209141fa01fa784,2017-07,Анимация интерфейсов,0.0
04ba6d0b40670c43a209141fa01fa784,2017-08,Анимация интерфейсов,0.0
04ba6d0b40670c43a209141fa01fa784,2017-09,Анимация интерфейсов,0.0
04ba6d0b40670c43a209141fa01fa784,2017-10,Анимация интерфейсов,0.0
04ba6d0b40670c43a209141fa01fa784,2017-11,Анимация интерфейсов,0.0
04ba6d0b40670c43a209141fa01fa784,2017-12,Анимация интерфейсов,0.0
04ba6d0b40670c43a209141fa01fa784,2018-01,Анимация интерфейсов,0.0
04ba6d0b40670c43a209141fa01fa784,2018-02,Анимация интерфейсов,43.0
04ba6d0b40670c43a209141fa01fa784,2018-03,Анимация интерфейсов,53.0
04ba6d0b40670c43a209141fa01fa784,2018-04,Анимация интерфейсов,62.0
04ba6d0b40670c43a209141fa01fa784,2018-05,Анимация интерфейсов,70.0
04ba6d0b40670c43a209141fa01fa784,2018-06,Анимация интерфейсов,101.0
04ba6d0b40670c43a209141fa01fa784,2018-07,Анимация интерфейсов,143.0
04ba6d0b40670c43a209141fa01fa784,2018-08,Анимация интерфейсов,149.0
04ba6d0b40670c43a209141fa01fa784,2018-09,Анимация интерфейсов,154.0
04ba6d0b40670c43a209141fa01fa784,2018-10,Анимация интерфейсов,179.0
04ba6d0b40670c43a209141fa01fa784,2018-11,Анимация интерфейсов,173.0
04ba6d0b40670c43a209141fa01fa784,2018-12,Анимация интерфейсов,152.0
04ba6d0b40670c43a209141fa01fa784,2019-01,Анимация интерфейсов,221.0
04ba6d0b40670c43a209141fa01fa784,2019-02,Анимация интерфейсов,185.0
04ba6d0b40670c43a209141fa01fa784,2019-03,Анимация интерфейсов,175.0
04ba6d0b40670c43a209141fa01fa784,2019-04,Анимация интерфейсов,111.0
04ba6d0b40670c43a209141fa01fa784,2019-05,Анимация интерфейсов,99.0
04ba6d0b40670c43a209141fa01fa784,2019-06,Анимация интерфейсов,99.0
04ba6d0b40670c43a209141fa01fa784,2019-07,Анимация интерфейсов,48.0
0770b1b039964228294f1f34b29fc2c1,2016-03,Руководитель digital-проектов,0.0
0770b1b039964228294f1f34b29fc2c1,2016-04,Руководитель digital-проектов,0.0
0770b1b039964228294f1f34b29fc2c1,2016-05,Руководитель digital-проектов,0.0
0770b1b039964228294f1f34b29fc2c1,2016-06,Руководитель digital-проектов,0.0
0770b1b039964228294f1f34b29fc2c1,2016-07,Руководитель digital-проектов,0.0
0770b1b039964228294f1f34b29fc2c1,2016-08,Руководитель digital-проектов,0.0
0770b1b039964228294f1f34b29fc2c1,2016-09,Руководитель digital-проектов,0.0
0770b1b039964228294f1f34b29fc2c1,2016-10,Руководитель digital-проектов,0.0
0770b1b039964228294f1f34b29fc2c1,2016-11,Руководитель digital-проектов,0.0
0770b1b039964228294f1f34b29fc2c1,2016-12,Руководитель digital-проектов,0.0
0770b1b039964228294f1f34b29fc2c1,2017-01,Руководитель digital-проектов,0.0
0770b1b039964228294f1f34b29fc2c1,2017-02,Руководитель digital-проектов,0.0
0770b1b039964228294f1f34b29fc2c1,2017-03,Руководитель digital-проектов,0.0
0770b1b039964228294f1f34b29fc2c1,2017-04,Руководитель digital-проектов,0.0
0770b1b039964228294f1f34b29fc2c1,2017-05,Руководитель digital-проектов,1.0
0770b1b039964228294f1f34b29fc2c1,2017-06,Руководитель digital-проектов,2.0
0770b1b039964228294f1f34b29fc2c1,2017-07,Руководитель digital-проектов,1.0
0770b1b039964228294f1f34b29fc2c1,2017-08,Руководитель digital-проектов,0.0
0770b1b039964228294f1f34b29fc2c1,2017-09,Руководитель digital-проектов,0.0
0770b1b039964228294f1f34b29fc2c1,2017-10,Руководитель digital-проектов,0.0
0770b1b039964228294f1f34b29fc2c1,2017-11,Руководитель digital-проектов,0.0
0770b1b039964228294f1f34b29fc2c1,2017-12,Руководитель digital-проектов,0.0
0770b1b039964228294f1f34b29fc2c1,2018-01,Руководитель digital-проектов,0.0
0770b1b039964228294f1f34b29fc2c1,2018-02,Руководитель digital-проектов,240.0
0770b1b039964228294f1f34b29fc2c1,2018-03,Руководитель digital-проектов,245.0
0770b1b039964228294f1f34b29fc2c1,2018-04,Руководитель digital-проектов,231.0
0770b1b039964228294f1f34b29fc2c1,2018-05,Руководитель digital-проектов,230.0
0770b1b039964228294f1f34b29fc2c1,2018-06,Руководитель digital-проектов,284.0
0770b1b039964228294f1f34b29fc2c1,2018-07,Руководитель digital-проектов,276.0
0770b1b039964228294f1f34b29fc2c1,2018-08,Руководитель digital-проектов,279.0
0770b1b039964228294f1f34b29fc2c1,2018-09,Руководитель digital-проектов,299.0
0770b1b039964228294f1f34b29fc2c1,2018-10,Руководитель digital-проектов,337.0
0770b1b039964228294f1f34b29fc2c1,2018-11,Руководитель digital-проектов,292.0
0770b1b039964228294f1f34b29fc2c1,2018-12,Руководитель digital-проектов,292.0
0770b1b039964228294f1f34b29fc2c1,2019-01,Руководитель digital-проектов,376.0
0770b1b039964228294f1f34b29fc2c1,2019-02,Руководитель digital-проектов,374.0
0770b1b039964228294f1f34b29fc2c1,2019-03,Руководитель digital-проектов,385.0
0770b1b039964228294f1f34b29fc2c1,2019-04,Руководитель digital-проектов,284.0
0770b1b039964228294f1f34b29fc2c1,2019-05,Руководитель digital-проектов,291.0
0770b1b039964228294f1f34b29fc2c1,2019-06,Руководитель digital-проектов,231.0
0770b1b039964228294f1f34b29fc2c1,2019-07,Руководитель digital-проектов,174.0
17013cd19d25cb3f28dc1b2683721bb9,2016-03,Веб-дизайн Базовый,0.0
17013cd19d25cb3f28dc1b2683721bb9,2016-04,Веб-дизайн Базовый,0.0
17013cd19d25cb3f28dc1b2683721bb9,2016-05,Веб-дизайн Базовый,0.0
17013cd19d25cb3f28dc1b2683721bb9,2016-06,Веб-дизайн Базовый,0.0
17013cd19d25cb3f28dc1b2683721bb9,2016-07,Веб-дизайн Базовый,0.0
17013cd19d25cb3f28dc1b2683721bb9,2016-08,Веб-дизайн Базовый,0.0
17013cd19d25cb3f28dc1b2683721bb9,2016-09,Веб-дизайн Базовый,0.0
17013cd19d25cb3f28dc1b2683721bb9,2016-10,Веб-дизайн Базовый,0.0
17013cd19d25cb3f28dc1b2683721bb9,2016-11,Веб-дизайн Базовый,0.0
17013cd19d25cb3f28dc1b2683721bb9,2016-12,Веб-дизайн Базовый,0.0
17013cd19d25cb3f28dc1b2683721bb9,2017-01,Веб-дизайн Базовый,0.0
17013cd19d25cb3f28dc1b2683721bb9,2017-02,Веб-дизайн Базовый,0.0
17013cd19d25cb3f28dc1b2683721bb9,2017-03,Веб-дизайн Базовый,3.0
17013cd19d25cb3f28dc1b2683721bb9,2017-04,Веб-дизайн Базовый,4.0
17013cd19d25cb3f28dc1b2683721bb9,2017-05,Веб-дизайн Базовый,2.0
17013cd19d25cb3f28dc1b2683721bb9,2017-06,Веб-дизайн Базовый,1.0
17013cd19d25cb3f28dc1b2683721bb9,2017-07,Веб-дизайн Базовый,0.0
17013cd19d25cb3f28dc1b2683721bb9,2017-08,Веб-дизайн Базовый,0.0
17013cd19d25cb3f28dc1b2683721bb9,2017-09,Веб-дизайн Базовый,0.0
17013cd19d25cb3f28dc1b2683721bb9,2017-10,Веб-дизайн Базовый,0.0
17013cd19d25cb3f28dc1b2683721bb9,2017-11,Веб-дизайн Базовый,0.0
17013cd19d25cb3f28dc1b2683721bb9,2017-12,Веб-дизайн Базовый,0.0
17013cd19d25cb3f28dc1b2683721bb9,2018-01,Веб-дизайн Базовый,0.0
17013cd19d25cb3f28dc1b2683721bb9,2018-02,Веб-дизайн Базовый,209.0
17013cd19d25cb3f28dc1b2683721bb9,2018-03,Веб-дизайн Базовый,302.0
17013cd19d25cb3f28dc1b2683721bb9,2018-04,Веб-дизайн Базовый,394.0
17013cd19d25cb3f28dc1b2683721bb9,2018-05,Веб-дизайн Базовый,466.0
17013cd19d25cb3f28dc1b2683721bb9,2018-06,Веб-дизайн Базовый,500.0
17013cd19d25cb3f28dc1b2683721bb9,2018-07,Веб-дизайн Базовый,474.0
17013cd19d25cb3f28dc1b2683721bb9,2018-08,Веб-дизайн Базовый,384.0
17013cd19d25cb3f28dc1b2683721bb9,2018-09,Веб-дизайн Базовый,322.0
17013cd19d25cb3f28dc1b2683721bb9,2018-10,Веб-дизайн Базовый,263.0
17013cd19d25cb3f28dc1b2683721bb9,2018-11,Веб-дизайн Базовый,229.0
17013cd19d25cb3f28dc1b2683721bb9,2018-12,Веб-дизайн Базовый,193.0
17013cd19d25cb3f28dc1b2683721bb9,2019-01,Веб-дизайн Базовый,201.0
17013cd19d25cb3f28dc1b2683721bb9,2019-02,Веб-дизайн Базовый,158.0
17013cd19d25cb3f28dc1b2683721bb9,2019-03,Веб-дизайн Базовый,124.0
17013cd19d25cb3f28dc1b2683721bb9,2019-04,Веб-дизайн Базовый,112.0
17013cd19d25cb3f28dc1b2683721bb9,2019-05,Веб-дизайн Базовый,80.0
17013cd19d25cb3f28dc1b2683721bb9,2019-06,Веб-дизайн Базовый,58.0
17013cd19d25cb3f28dc1b2683721bb9,2019-07,Веб-дизайн Базовый,35.0
480d25ad36878fce09e7aada316ba1a6,2016-03,Веб-разработчик,5.0
480d25ad36878fce09e7aada316ba1a6,2016-04,Веб-разработчик,0.0
480d25ad36878fce09e7aada316ba1a6,2016-05,Веб-разработчик,0.0
480d25ad36878fce09e7aada316ba1a6,2016-06,Веб-разработчик,0.0
480d25ad36878fce09e7aada316ba1a6,2016-07,Веб-разработчик,0.0
480d25ad36878fce09e7aada316ba1a6,2016-08,Веб-разработчик,0.0
480d25ad36878fce09e7aada316ba1a6,2016-09,Веб-разработчик,0.0
480d25ad36878fce09e7aada316ba1a6,2016-10,Веб-разработчик,0.0
480d25ad36878fce09e7aada316ba1a6,2016-11,Веб-разработчик,0.0
480d25ad36878fce09e7aada316ba1a6,2016-12,Веб-разработчик,0.0
480d25ad36878fce09e7aada316ba1a6,2017-01,Веб-разработчик,0.0
480d25ad36878fce09e7aada316ba1a6,2017-02,Веб-разработчик,0.0
480d25ad36878fce09e7aada316ba1a6,2017-03,Веб-разработчик,0.0
480d25ad36878fce09e7aada316ba1a6,2017-04,Веб-разработчик,1.0
480d25ad36878fce09e7aada316ba1a6,2017-05,Веб-разработчик,2.0
480d25ad36878fce09e7aada316ba1a6,2017-06,Веб-разработчик,2.0
480d25ad36878fce09e7aada316ba1a6,2017-07,Веб-разработчик,2.0
480d25ad36878fce09e7aada316ba1a6,2017-08,Веб-разработчик,0.0
480d25ad36878fce09e7aada316ba1a6,2017-09,Веб-разработчик,0.0
480d25ad36878fce09e7aada316ba1a6,2017-10,Веб-разработчик,0.0
480d25ad36878fce09e7aada316ba1a6,2017-11,Веб-разработчик,0.0
480d25ad36878fce09e7aada316ba1a6,2017-12,Веб-разработчик,0.0
480d25ad36878fce09e7aada316ba1a6,2018-01,Веб-разработчик,2.0
480d25ad36878fce09e7aada316ba1a6,2018-02,Веб-разработчик,185.0
480d25ad36878fce09e7aada316ba1a6,2018-03,Веб-разработчик,277.0
480d25ad36878fce09e7aada316ba1a6,2018-04,Веб-разработчик,375.0
480d25ad36878fce09e7aada316ba1a6,2018-05,Веб-разработчик,351.0
480d25ad36878fce09e7aada316ba1a6,2018-06,Веб-разработчик,413.0
480d25ad36878fce09e7aada316ba1a6,2018-07,Веб-разработчик,409.0
480d25ad36878fce09e7aada316ba1a6,2018-08,Веб-разработчик,252.0
480d25ad36878fce09e7aada316ba1a6,2018-09,Веб-разработчик,156.0
480d25ad36878fce09e7aada316ba1a6,2018-10,Веб-разработчик,154.0
480d25ad36878fce09e7aada316ba1a6,2018-11,Веб-разработчик,171.0
480d25ad36878fce09e7aada316ba1a6,2018-12,Веб-разработчик,111.0
480d25ad36878fce09e7aada316ba1a6,2019-01,Веб-разработчик,107.0
480d25ad36878fce09e7aada316ba1a6,2019-02,Веб-разработчик,124.0
480d25ad36878fce09e7aada316ba1a6,2019-03,Веб-разработчик,85.0
480d25ad36878fce09e7aada316ba1a6,2019-04,Веб-разработчик,62.0
480d25ad36878fce09e7aada316ba1a6,2019-05,Веб-разработчик,61.0
480d25ad36878fce09e7aada316ba1a6,2019-06,Веб-разработчик,61.0
480d25ad36878fce09e7aada316ba1a6,2019-07,Веб-разработчик,25.0
6e4837f0a65c68efbfdd0594d6774701,2016-03,Java-разработчик,0.0
6e4837f0a65c68efbfdd0594d6774701,2016-04,Java-разработчик,0.0
6e4837f0a65c68efbfdd0594d6774701,2016-05,Java-разработчик,0.0
6e4837f0a65c68efbfdd0594d6774701,2016-06,Java-разработчик,0.0
6e4837f0a65c68efbfdd0594d6774701,2016-07,Java-разработчик,0.0
6e4837f0a65c68efbfdd0594d6774701,2016-08,Java-разработчик,0.0
6e4837f0a65c68efbfdd0594d6774701,2016-09,Java-разработчик,0.0
6e4837f0a65c68efbfdd0594d6774701,2016-10,Java-разработчик,0.0
6e4837f0a65c68efbfdd0594d6774701,2016-11,Java-разработчик,0.0
6e4837f0a65c68efbfdd0594d6774701,2016-12,Java-разработчик,0.0
6e4837f0a65c68efbfdd0594d6774701,2017-01,Java-разработчик,0.0
6e4837f0a65c68efbfdd0594d6774701,2017-02,Java-разработчик,0.0
6e4837f0a65c68efbfdd0594d6774701,2017-03,Java-разработчик,0.0
6e4837f0a65c68efbfdd0594d6774701,2017-04,Java-разработчик,0.0
6e4837f0a65c68efbfdd0594d6774701,2017-05,Java-разработчик,0.0
6e4837f0a65c68efbfdd0594d6774701,2017-06,Java-разработчик,0.0
6e4837f0a65c68efbfdd0594d6774701,2017-07,Java-разработчик,0.0
6e4837f0a65c68efbfdd0594d6774701,2017-08,Java-разработчик,0.0
6e4837f0a65c68efbfdd0594d6774701,2017-09,Java-разработчик,0.0
6e4837f0a65c68efbfdd0594d6774701,2017-10,Java-разработчик,0.0
6e4837f0a65c68efbfdd0594d6774701,2017-11,Java-разработчик,0.0
6e4837f0a65c68efbfdd0594d6774701,2017-12,Java-разработчик,0.0
6e4837f0a65c68efbfdd0594d6774701,2018-01,Java-разработчик,1.0
6e4837f0a65c68efbfdd0594d6774701,2018-02,Java-разработчик,29.0
6e4837f0a65c68efbfdd0594d6774701,2018-03,Java-разработчик,110.0
6e4837f0a65c68efbfdd0594d6774701,2018-04,Java-разработчик,90.0
6e4837f0a65c68efbfdd0594d6774701,2018-05,Java-разработчик,97.0
6e4837f0a65c68efbfdd0594d6774701,2018-06,Java-разработчик,143.0
6e4837f0a65c68efbfdd0594d6774701,2018-07,Java-разработчик,210.0
6e4837f0a65c68efbfdd0594d6774701,2018-08,Java-разработчик,198.0
6e4837f0a65c68efbfdd0594d6774701,2018-09,Java-разработчик,209.0
6e4837f0a65c68efbfdd0594d6774701,2018-10,Java-разработчик,258.0
6e4837f0a65c68efbfdd0594d6774701,2018-11,Java-разработчик,243.0
6e4837f0a65c68efbfdd0594d6774701,2018-12,Java-разработчик,405.0
6e4837f0a65c68efbfdd0594d6774701,2019-01,Java-разработчик,489.0
6e4837f0a65c68efbfdd0594d6774701,2019-02,Java-разработчик,473.0
6e4837f0a65c68efbfdd0594d6774701,2019-03,Java-разработчик,519.0
6e4837f0a65c68efbfdd0594d6774701,2019-04,Java-разработчик,317.0
6e4837f0a65c68efbfdd0594d6774701,2019-05,Java-разработчик,224.0
6e4837f0a65c68efbfdd0594d6774701,2019-06,Java-разработчик,141.0
6e4837f0a65c68efbfdd0594d6774701,2019-07,Java-разработчик,64.0
842218e7c983795934bbe4533c0888c8,2016-03,SMM-маркетолог от А до Я,0.0
842218e7c983795934bbe4533c0888c8,2016-04,SMM-маркетолог от А до Я,0.0
842218e7c983795934bbe4533c0888c8,2016-05,SMM-маркетолог от А до Я,0.0
842218e7c983795934bbe4533c0888c8,2016-06,SMM-маркетолог от А до Я,0.0
842218e7c983795934bbe4533c0888c8,2016-07,SMM-маркетолог от А до Я,0.0
842218e7c983795934bbe4533c0888c8,2016-08,SMM-маркетолог от А до Я,0.0
842218e7c983795934bbe4533c0888c8,2016-09,SMM-маркетолог от А до Я,0.0
842218e7c983795934bbe4533c0888c8,2016-10,SMM-маркетолог от А до Я,0.0
842218e7c983795934bbe4533c0888c8,2016-11,SMM-маркетолог от А до Я,0.0
842218e7c983795934bbe4533c0888c8,2016-12,SMM-маркетолог от А до Я,0.0
842218e7c983795934bbe4533c0888c8,2017-01,SMM-маркетолог от А до Я,0.0
842218e7c983795934bbe4533c0888c8,2017-02,SMM-маркетолог от А до Я,0.0
842218e7c983795934bbe4533c0888c8,2017-03,SMM-маркетолог от А до Я,0.0
842218e7c983795934bbe4533c0888c8,2017-04,SMM-маркетолог от А до Я,0.0
842218e7c983795934bbe4533c0888c8,2017-05,SMM-маркетолог от А до Я,0.0
842218e7c983795934bbe4533c0888c8,2017-06,SMM-маркетолог от А до Я,0.0
842218e7c983795934bbe4533c0888c8,2017-07,SMM-маркетолог от А до Я,0.0
842218e7c983795934bbe4533c0888c8,2017-08,SMM-маркетолог от А до Я,0.0
842218e7c983795934bbe4533c0888c8,2017-09,SMM-маркетолог от А до Я,0.0
842218e7c983795934bbe4533c0888c8,2017-10,SMM-маркетолог от А до Я,0.0
842218e7c983795934bbe4533c0888c8,2017-11,SMM-маркетолог от А до Я,0.0
842218e7c983795934bbe4533c0888c8,2017-12,SMM-маркетолог от А до Я,0.0
842218e7c983795934bbe4533c0888c8,2018-01,SMM-маркетолог от А до Я,0.0
842218e7c983795934bbe4533c0888c8,2018-02,SMM-маркетолог от А до Я,0.0
842218e7c983795934bbe4533c0888c8,2018-03,SMM-маркетолог от А до Я,0.0
842218e7c983795934bbe4533c0888c8,2018-04,SMM-маркетолог от А до Я,0.0
842218e7c983795934bbe4533c0888c8,2018-05,SMM-маркетолог от А до Я,0.0
842218e7c983795934bbe4533c0888c8,2018-06,SMM-маркетолог от А до Я,0.0
842218e7c983795934bbe4533c0888c8,2018-07,SMM-маркетолог от А до Я,0.0
842218e7c983795934bbe4533c0888c8,2018-08,SMM-маркетолог от А до Я,0.0
842218e7c983795934bbe4533c0888c8,2018-09,SMM-маркетолог от А до Я,0.0
842218e7c983795934bbe4533c0888c8,2018-10,SMM-маркетолог от А до Я,38.0
842218e7c983795934bbe4533c0888c8,2018-11,SMM-маркетолог от А до Я,69.0
842218e7c983795934bbe4533c0888c8,2018-12,SMM-маркетолог от А до Я,73.0
842218e7c983795934bbe4533c0888c8,2019-01,SMM-маркетолог от А до Я,104.0
842218e7c983795934bbe4533c0888c8,2019-02,SMM-маркетолог от А до Я,160.0
842218e7c983795934bbe4533c0888c8,2019-03,SMM-маркетолог от А до Я,166.0
842218e7c983795934bbe4533c0888c8,2019-04,SMM-маркетолог от А до Я,193.0
842218e7c983795934bbe4533c0888c8,2019-05,SMM-маркетолог от А до Я,193.0
842218e7c983795934bbe4533c0888c8,2019-06,SMM-маркетолог от А до Я,243.0
842218e7c983795934bbe4533c0888c8,2019-07,SMM-маркетолог от А до Я,230.0
943306102e5b067d08a29094f37b8193,2016-03,Java-разработчик c нуля,0.0
943306102e5b067d08a29094f37b8193,2016-04,Java-разработчик c нуля,0.0
943306102e5b067d08a29094f37b8193,2016-05,Java-разработчик c нуля,0.0
943306102e5b067d08a29094f37b8193,2016-06,Java-разработчик c нуля,0.0
943306102e5b067d08a29094f37b8193,2016-07,Java-разработчик c нуля,0.0
943306102e5b067d08a29094f37b8193,2016-08,Java-разработчик c нуля,0.0
943306102e5b067d08a29094f37b8193,2016-09,Java-разработчик c нуля,0.0
943306102e5b067d08a29094f37b8193,2016-10,Java-разработчик c нуля,0.0
943306102e5b067d08a29094f37b8193,2016-11,Java-разработчик c нуля,0.0
943306102e5b067d08a29094f37b8193,2016-12,Java-разработчик c нуля,0.0
943306102e5b067d08a29094f37b8193,2017-01,Java-разработчик c нуля,0.0
943306102e5b067d08a29094f37b8193,2017-02,Java-разработчик c нуля,0.0
943306102e5b067d08a29094f37b8193,2017-03,Java-разработчик c нуля,0.0
943306102e5b067d08a29094f37b8193,2017-04,Java-разработчик c нуля,0.0
943306102e5b067d08a29094f37b8193,2017-05,Java-разработчик c нуля,0.0
943306102e5b067d08a29094f37b8193,2017-06,Java-разработчик c нуля,0.0
943306102e5b067d08a29094f37b8193,2017-07,Java-разработчик c нуля,0.0
943306102e5b067d08a29094f37b8193,2017-08,Java-разработчик c нуля,0.0
943306102e5b067d08a29094f37b8193,2017-09,Java-разработчик c нуля,0.0
943306102e5b067d08a29094f37b8193,2017-10,Java-разработчик c нуля,0.0
943306102e5b067d08a29094f37b8193,2017-11,Java-разработчик c нуля,0.0
943306102e5b067d08a29094f37b8193,2017-12,Java-разработчик c нуля,0.0
943306102e5b067d08a29094f37b8193,2018-01,Java-разработчик c нуля,0.0
943306102e5b067d08a29094f37b8193,2018-02,Java-разработчик c нуля,0.0
943306102e5b067d08a29094f37b8193,2018-03,Java-разработчик c нуля,0.0
943306102e5b067d08a29094f37b8193,2018-04,Java-разработчик c нуля,0.0
943306102e5b067d08a29094f37b8193,2018-05,Java-разработчик c нуля,0.0
943306102e5b067d08a29094f37b8193,2018-06,Java-разработчик c нуля,0.0
943306102e5b067d08a29094f37b8193,2018-07,Java-разработчик c нуля,0.0
943306102e5b067d08a29094f37b8193,2018-08,Java-разработчик c нуля,0.0
943306102e5b067d08a29094f37b8193,2018-09,Java-разработчик c нуля,0.0
943306102e5b067d08a29094f37b8193,2018-10,Java-разработчик c нуля,0.0
943306102e5b067d08a29094f37b8193,2018-11,Java-разработчик c нуля,0.0
943306102e5b067d08a29094f37b8193,2018-12,Java-разработчик c нуля,0.0
943306102e5b067d08a29094f37b8193,2019-01,Java-разработчик c нуля,0.0
943306102e5b067d08a29094f37b8193,2019-02,Java-разработчик c нуля,0.0
943306102e5b067d08a29094f37b8193,2019-03,Java-разработчик c нуля,120.0
943306102e5b067d08a29094f37b8193,2019-04,Java-разработчик c нуля,531.0
943306102e5b067d08a29094f37b8193,2019-05,Java-разработчик c нуля,677.0
943306102e5b067d08a29094f37b8193,2019-06,Java-разработчик c нуля,999.0
943306102e5b067d08a29094f37b8193,2019-07,Java-разработчик c нуля,842.0
abce125a877c2196a3bc7bfbc11b5fc5,2016-03,Веб-вёрстка для начинающих 2.0,0.0
abce125a877c2196a3bc7bfbc11b5fc5,2016-04,Веб-вёрстка для начинающих 2.0,0.0
abce125a877c2196a3bc7bfbc11b5fc5,2016-05,Веб-вёрстка для начинающих 2.0,0.0
abce125a877c2196a3bc7bfbc11b5fc5,2016-06,Веб-вёрстка для начинающих 2.0,0.0
abce125a877c2196a3bc7bfbc11b5fc5,2016-07,Веб-вёрстка для начинающих 2.0,0.0
abce125a877c2196a3bc7bfbc11b5fc5,2016-08,Веб-вёрстка для начинающих 2.0,0.0
abce125a877c2196a3bc7bfbc11b5fc5,2016-09,Веб-вёрстка для начинающих 2.0,0.0
abce125a877c2196a3bc7bfbc11b5fc5,2016-10,Веб-вёрстка для начинающих 2.0,0.0
abce125a877c2196a3bc7bfbc11b5fc5,2016-11,Веб-вёрстка для начинающих 2.0,0.0
abce125a877c2196a3bc7bfbc11b5fc5,2016-12,Веб-вёрстка для начинающих 2.0,0.0
abce125a877c2196a3bc7bfbc11b5fc5,2017-01,Веб-вёрстка для начинающих 2.0,0.0
abce125a877c2196a3bc7bfbc11b5fc5,2017-02,Веб-вёрстка для начинающих 2.0,0.0
abce125a877c2196a3bc7bfbc11b5fc5,2017-03,Веб-вёрстка для начинающих 2.0,0.0
abce125a877c2196a3bc7bfbc11b5fc5,2017-04,Веб-вёрстка для начинающих 2.0,0.0
abce125a877c2196a3bc7bfbc11b5fc5,2017-05,Веб-вёрстка для начинающих 2.0,0.0
abce125a877c2196a3bc7bfbc11b5fc5,2017-06,Веб-вёрстка для начинающих 2.0,0.0
abce125a877c2196a3bc7bfbc11b5fc5,2017-07,Веб-вёрстка для начинающих 2.0,0.0
abce125a877c2196a3bc7bfbc11b5fc5,2017-08,Веб-вёрстка для начинающих 2.0,0.0
abce125a877c2196a3bc7bfbc11b5fc5,2017-09,Веб-вёрстка для начинающих 2.0,0.0
abce125a877c2196a3bc7bfbc11b5fc5,2017-10,Веб-вёрстка для начинающих 2.0,0.0
abce125a877c2196a3bc7bfbc11b5fc5,2017-11,Веб-вёрстка для начинающих 2.0,0.0
abce125a877c2196a3bc7bfbc11b5fc5,2017-12,Веб-вёрстка для начинающих 2.0,0.0
abce125a877c2196a3bc7bfbc11b5fc5,2018-01,Веб-вёрстка для начинающих 2.0,0.0
abce125a877c2196a3bc7bfbc11b5fc5,2018-02,Веб-вёрстка для начинающих 2.0,0.0
abce125a877c2196a3bc7bfbc11b5fc5,2018-03,Веб-вёрстка для начинающих 2.0,0.0
abce125a877c2196a3bc7bfbc11b5fc5,2018-04,Веб-вёрстка для начинающих 2.0,0.0
abce125a877c2196a3bc7bfbc11b5fc5,2018-05,Веб-вёрстка для начинающих 2.0,0.0
abce125a877c2196a3bc7bfbc11b5fc5,2018-06,Веб-вёрстка для начинающих 2.0,0.0
abce125a877c2196a3bc7bfbc11b5fc5,2018-07,Веб-вёрстка для начинающих 2.0,158.0
abce125a877c2196a3bc7bfbc11b5fc5,2018-08,Веб-вёрстка для начинающих 2.0,301.0
abce125a877c2196a3bc7bfbc11b5fc5,2018-09,Веб-вёрстка для начинающих 2.0,432.0
abce125a877c2196a3bc7bfbc11b5fc5,2018-10,Веб-вёрстка для начинающих 2.0,460.0
abce125a877c2196a3bc7bfbc11b5fc5,2018-11,Веб-вёрстка для начинающих 2.0,500.0
abce125a877c2196a3bc7bfbc11b5fc5,2018-12,Веб-вёрстка для начинающих 2.0,579.0
abce125a877c2196a3bc7bfbc11b5fc5,2019-01,Веб-вёрстка для начинающих 2.0,669.0
abce125a877c2196a3bc7bfbc11b5fc5,2019-02,Веб-вёрстка для начинающих 2.0,605.0
abce125a877c2196a3bc7bfbc11b5fc5,2019-03,Веб-вёрстка для начинающих 2.0,638.0
abce125a877c2196a3bc7bfbc11b5fc5,2019-04,Веб-вёрстка для начинающих 2.0,576.0
abce125a877c2196a3bc7bfbc11b5fc5,2019-05,Веб-вёрстка для начинающих 2.0,530.0
abce125a877c2196a3bc7bfbc11b5fc5,2019-06,Веб-вёрстка для начинающих 2.0,485.0
abce125a877c2196a3bc7bfbc11b5fc5,2019-07,Веб-вёрстка для начинающих 2.0,298.0
ac634845fb0350d0e9d49078aaa4b68f,2016-03,Excel Базовый,0.0
ac634845fb0350d0e9d49078aaa4b68f,2016-04,Excel Базовый,0.0
ac634845fb0350d0e9d49078aaa4b68f,2016-05,Excel Базовый,0.0
ac634845fb0350d0e9d49078aaa4b68f,2016-06,Excel Базовый,0.0
ac634845fb0350d0e9d49078aaa4b68f,2016-07,Excel Базовый,0.0
ac634845fb0350d0e9d49078aaa4b68f,2016-08,Excel Базовый,0.0
ac634845fb0350d0e9d49078aaa4b68f,2016-09,Excel Базовый,0.0
ac634845fb0350d0e9d49078aaa4b68f,2016-10,Excel Базовый,0.0
ac634845fb0350d0e9d49078aaa4b68f,2016-11,Excel Базовый,0.0
ac634845fb0350d0e9d49078aaa4b68f,2016-12,Excel Базовый,0.0
ac634845fb0350d0e9d49078aaa4b68f,2017-01,Excel Базовый,0.0
ac634845fb0350d0e9d49078aaa4b68f,2017-02,Excel Базовый,0.0
ac634845fb0350d0e9d49078aaa4b68f,2017-03,Excel Базовый,0.0
ac634845fb0350d0e9d49078aaa4b68f,2017-04,Excel Базовый,0.0
ac634845fb0350d0e9d49078aaa4b68f,2017-05,Excel Базовый,0.0
ac634845fb0350d0e9d49078aaa4b68f,2017-06,Excel Базовый,0.0
ac634845fb0350d0e9d49078aaa4b68f,2017-07,Excel Базовый,0.0
ac634845fb0350d0e9d49078aaa4b68f,2017-08,Excel Базовый,0.0
ac634845fb0350d0e9d49078aaa4b68f,2017-09,Excel Базовый,0.0
ac634845fb0350d0e9d49078aaa4b68f,2017-10,Excel Базовый,0.0
ac634845fb0350d0e9d49078aaa4b68f,2017-11,Excel Базовый,0.0
ac634845fb0350d0e9d49078aaa4b68f,2017-12,Excel Базовый,0.0
ac634845fb0350d0e9d49078aaa4b68f,2018-01,Excel Базовый,0.0
ac634845fb0350d0e9d49078aaa4b68f,2018-02,Excel Базовый,37.0
ac634845fb0350d0e9d49078aaa4b68f,2018-03,Excel Базовый,7.0
ac634845fb0350d0e9d49078aaa4b68f,2018-04,Excel Базовый,13.0
ac634845fb0350d0e9d49078aaa4b68f,2018-05,Excel Базовый,17.0
ac634845fb0350d0e9d49078aaa4b68f,2018-06,Excel Базовый,37.0
ac634845fb0350d0e9d49078aaa4b68f,2018-07,Excel Базовый,78.0
ac634845fb0350d0e9d49078aaa4b68f,2018-08,Excel Базовый,92.0
ac634845fb0350d0e9d49078aaa4b68f,2018-09,Excel Базовый,188.0
ac634845fb0350d0e9d49078aaa4b68f,2018-10,Excel Базовый,244.0
ac634845fb0350d0e9d49078aaa4b68f,2018-11,Excel Базовый,243.0
ac634845fb0350d0e9d49078aaa4b68f,2018-12,Excel Базовый,246.0
ac634845fb0350d0e9d49078aaa4b68f,2019-01,Excel Базовый,333.0
ac634845fb0350d0e9d49078aaa4b68f,2019-02,Excel Базовый,351.0
ac634845fb0350d0e9d49078aaa4b68f,2019-03,Excel Базовый,376.0
ac634845fb0350d0e9d49078aaa4b68f,2019-04,Excel Базовый,337.0
ac634845fb0350d0e9d49078aaa4b68f,2019-05,Excel Базовый,345.0
ac634845fb0350d0e9d49078aaa4b68f,2019-06,Excel Базовый,299.0
ac634845fb0350d0e9d49078aaa4b68f,2019-07,Excel Базовый,211.0
bf27a4bf4ada4c756451703ea62a914f,2016-03,Интернет-маркетолог от Ingate,0.0
bf27a4bf4ada4c756451703ea62a914f,2016-04,Интернет-маркетолог от Ingate,0.0
bf27a4bf4ada4c756451703ea62a914f,2016-05,Интернет-маркетолог от Ingate,0.0
bf27a4bf4ada4c756451703ea62a914f,2016-06,Интернет-маркетолог от Ingate,0.0
bf27a4bf4ada4c756451703ea62a914f,2016-07,Интернет-маркетолог от Ingate,0.0
bf27a4bf4ada4c756451703ea62a914f,2016-08,Интернет-маркетолог от Ingate,0.0
bf27a4bf4ada4c756451703ea62a914f,2016-09,Интернет-маркетолог от Ingate,0.0
bf27a4bf4ada4c756451703ea62a914f,2016-10,Интернет-маркетолог от Ingate,0.0
bf27a4bf4ada4c756451703ea62a914f,2016-11,Интернет-маркетолог от Ingate,0.0
bf27a4bf4ada4c756451703ea62a914f,2016-12,Интернет-маркетолог от Ingate,0.0
bf27a4bf4ada4c756451703ea62a914f,2017-01,Интернет-маркетолог от Ingate,0.0
bf27a4bf4ada4c756451703ea62a914f,2017-02,Интернет-маркетолог от Ingate,0.0
bf27a4bf4ada4c756451703ea62a914f,2017-03,Интернет-маркетолог от Ingate,0.0
bf27a4bf4ada4c756451703ea62a914f,2017-04,Интернет-маркетолог от Ingate,0.0
bf27a4bf4ada4c756451703ea62a914f,2017-05,Интернет-маркетолог от Ingate,0.0
bf27a4bf4ada4c756451703ea62a914f,2017-06,Интернет-маркетолог от Ingate,0.0
bf27a4bf4ada4c756451703ea62a914f,2017-07,Интернет-маркетолог от Ingate,0.0
bf27a4bf4ada4c756451703ea62a914f,2017-08,Интернет-маркетолог от Ingate,0.0
bf27a4bf4ada4c756451703ea62a914f,2017-09,Интернет-маркетолог от Ingate,0.0
bf27a4bf4ada4c756451703ea62a914f,2017-10,Интернет-маркетолог от Ingate,0.0
bf27a4bf4ada4c756451703ea62a914f,2017-11,Интернет-маркетолог от Ingate,0.0
bf27a4bf4ada4c756451703ea62a914f,2017-12,Интернет-маркетолог от Ingate,0.0
bf27a4bf4ada4c756451703ea62a914f,2018-01,Интернет-маркетолог от Ingate,1.0
bf27a4bf4ada4c756451703ea62a914f,2018-02,Интернет-маркетолог от Ingate,198.0
bf27a4bf4ada4c756451703ea62a914f,2018-03,Интернет-маркетолог от Ingate,289.0
bf27a4bf4ada4c756451703ea62a914f,2018-04,Интернет-маркетолог от Ingate,323.0
bf27a4bf4ada4c756451703ea62a914f,2018-05,Интернет-маркетолог от Ingate,354.0
bf27a4bf4ada4c756451703ea62a914f,2018-06,Интернет-маркетолог от Ingate,393.0
bf27a4bf4ada4c756451703ea62a914f,2018-07,Интернет-маркетолог от Ingate,529.0
bf27a4bf4ada4c756451703ea62a914f,2018-08,Интернет-маркетолог от Ingate,562.0
bf27a4bf4ada4c756451703ea62a914f,2018-09,Интернет-маркетолог от Ingate,572.0
bf27a4bf4ada4c756451703ea62a914f,2018-10,Интернет-маркетолог от Ingate,646.0
bf27a4bf4ada4c756451703ea62a914f,2018-11,Интернет-маркетолог от Ingate,740.0
bf27a4bf4ada4c756451703ea62a914f,2018-12,Интернет-маркетолог от Ingate,764.0
bf27a4bf4ada4c756451703ea62a914f,2019-01,Интернет-маркетолог от Ingate,918.0
bf27a4bf4ada4c756451703ea62a914f,2019-02,Интернет-маркетолог от Ingate,861.0
bf27a4bf4ada4c756451703ea62a914f,2019-03,Интернет-маркетолог от Ingate,892.0
bf27a4bf4ada4c756451703ea62a914f,2019-04,Интернет-маркетолог от Ingate,826.0
bf27a4bf4ada4c756451703ea62a914f,2019-05,Интернет-маркетолог от Ingate,762.0
bf27a4bf4ada4c756451703ea62a914f,2019-06,Интернет-маркетолог от Ingate,814.0
bf27a4bf4ada4c756451703ea62a914f,2019-07,Интернет-маркетолог от Ingate,545.0
c9fcb746d51e41bc5a217002d081454b,2016-03,Веб-дизайн PRO 2.0,0.0
c9fcb746d51e41bc5a217002d081454b,2016-04,Веб-дизайн PRO 2.0,0.0
c9fcb746d51e41bc5a217002d081454b,2016-05,Веб-дизайн PRO 2.0,0.0
c9fcb746d51e41bc5a217002d081454b,2016-06,Веб-дизайн PRO 2.0,0.0
c9fcb746d51e41bc5a217002d081454b,2016-07,Веб-дизайн PRO 2.0,0.0
c9fcb746d51e41bc5a217002d081454b,2016-08,Веб-дизайн PRO 2.0,0.0
c9fcb746d51e41bc5a217002d081454b,2016-09,Веб-дизайн PRO 2.0,0.0
c9fcb746d51e41bc5a217002d081454b,2016-10,Веб-дизайн PRO 2.0,0.0
c9fcb746d51e41bc5a217002d081454b,2016-11,Веб-дизайн PRO 2.0,0.0
c9fcb746d51e41bc5a217002d081454b,2016-12,Веб-дизайн PRO 2.0,0.0
c9fcb746d51e41bc5a217002d081454b,2017-01,Веб-дизайн PRO 2.0,0.0
c9fcb746d51e41bc5a217002d081454b,2017-02,Веб-дизайн PRO 2.0,0.0
c9fcb746d51e41bc5a217002d081454b,2017-03,Веб-дизайн PRO 2.0,0.0
c9fcb746d51e41bc5a217002d081454b,2017-04,Веб-дизайн PRO 2.0,0.0
c9fcb746d51e41bc5a217002d081454b,2017-05,Веб-дизайн PRO 2.0,0.0
c9fcb746d51e41bc5a217002d081454b,2017-06,Веб-дизайн PRO 2.0,0.0
c9fcb746d51e41bc5a217002d081454b,2017-07,Веб-дизайн PRO 2.0,0.0
c9fcb746d51e41bc5a217002d081454b,2017-08,Веб-дизайн PRO 2.0,0.0
c9fcb746d51e41bc5a217002d081454b,2017-09,Веб-дизайн PRO 2.0,0.0
c9fcb746d51e41bc5a217002d081454b,2017-10,Веб-дизайн PRO 2.0,0.0
c9fcb746d51e41bc5a217002d081454b,2017-11,Веб-дизайн PRO 2.0,0.0
c9fcb746d51e41bc5a217002d081454b,2017-12,Веб-дизайн PRO 2.0,0.0
c9fcb746d51e41bc5a217002d081454b,2018-01,Веб-дизайн PRO 2.0,0.0
c9fcb746d51e41bc5a217002d081454b,2018-02,Веб-дизайн PRO 2.0,0.0
c9fcb746d51e41bc5a217002d081454b,2018-03,Веб-дизайн PRO 2.0,0.0
c9fcb746d51e41bc5a217002d081454b,2018-04,Веб-дизайн PRO 2.0,0.0
c9fcb746d51e41bc5a217002d081454b,2018-05,Веб-дизайн PRO 2.0,0.0
c9fcb746d51e41bc5a217002d081454b,2018-06,Веб-дизайн PRO 2.0,90.0
c9fcb746d51e41bc5a217002d081454b,2018-07,Веб-дизайн PRO 2.0,186.0
c9fcb746d51e41bc5a217002d081454b,2018-08,Веб-дизайн PRO 2.0,206.0
c9fcb746d51e41bc5a217002d081454b,2018-09,Веб-дизайн PRO 2.0,250.0
c9fcb746d51e41bc5a217002d081454b,2018-10,Веб-дизайн PRO 2.0,300.0
c9fcb746d51e41bc5a217002d081454b,2018-11,Веб-дизайн PRO 2.0,297.0
c9fcb746d51e41bc5a217002d081454b,2018-12,Веб-дизайн PRO 2.0,321.0
c9fcb746d51e41bc5a217002d081454b,2019-01,Веб-дизайн PRO 2.0,379.0
c9fcb746d51e41bc5a217002d081454b,2019-02,Веб-дизайн PRO 2.0,425.0
c9fcb746d51e41bc5a217002d081454b,2019-03,Веб-дизайн PRO 2.0,532.0
c9fcb746d51e41bc5a217002d081454b,2019-04,Веб-дизайн PRO 2.0,495.0
c9fcb746d51e41bc5a217002d081454b,2019-05,Веб-дизайн PRO 2.0,549.0
c9fcb746d51e41bc5a217002d081454b,2019-06,Веб-дизайн PRO 2.0,543.0
c9fcb746d51e41bc5a217002d081454b,2019-07,Веб-дизайн PRO 2.0,311.0
ccbab00e99b27f83369d6cc89d914ad6,2016-03,PHP-разработчик с 0 до PRO. Часть 1,0.0
ccbab00e99b27f83369d6cc89d914ad6,2016-04,PHP-разработчик с 0 до PRO. Часть 1,0.0
ccbab00e99b27f83369d6cc89d914ad6,2016-05,PHP-разработчик с 0 до PRO. Часть 1,0.0
ccbab00e99b27f83369d6cc89d914ad6,2016-06,PHP-разработчик с 0 до PRO. Часть 1,0.0
ccbab00e99b27f83369d6cc89d914ad6,2016-07,PHP-разработчик с 0 до PRO. Часть 1,0.0
ccbab00e99b27f83369d6cc89d914ad6,2016-08,PHP-разработчик с 0 до PRO. Часть 1,0.0
ccbab00e99b27f83369d6cc89d914ad6,2016-09,PHP-разработчик с 0 до PRO. Часть 1,0.0
ccbab00e99b27f83369d6cc89d914ad6,2016-10,PHP-разработчик с 0 до PRO. Часть 1,0.0
ccbab00e99b27f83369d6cc89d914ad6,2016-11,PHP-разработчик с 0 до PRO. Часть 1,0.0
ccbab00e99b27f83369d6cc89d914ad6,2016-12,PHP-разработчик с 0 до PRO. Часть 1,0.0
ccbab00e99b27f83369d6cc89d914ad6,2017-01,PHP-разработчик с 0 до PRO. Часть 1,0.0
ccbab00e99b27f83369d6cc89d914ad6,2017-02,PHP-разработчик с 0 до PRO. Часть 1,0.0
ccbab00e99b27f83369d6cc89d914ad6,2017-03,PHP-разработчик с 0 до PRO. Часть 1,0.0
ccbab00e99b27f83369d6cc89d914ad6,2017-04,PHP-разработчик с 0 до PRO. Часть 1,0.0
ccbab00e99b27f83369d6cc89d914ad6,2017-05,PHP-разработчик с 0 до PRO. Часть 1,0.0
ccbab00e99b27f83369d6cc89d914ad6,2017-06,PHP-разработчик с 0 до PRO. Часть 1,0.0
ccbab00e99b27f83369d6cc89d914ad6,2017-07,PHP-разработчик с 0 до PRO. Часть 1,0.0
ccbab00e99b27f83369d6cc89d914ad6,2017-08,PHP-разработчик с 0 до PRO. Часть 1,0.0
ccbab00e99b27f83369d6cc89d914ad6,2017-09,PHP-разработчик с 0 до PRO. Часть 1,0.0
ccbab00e99b27f83369d6cc89d914ad6,2017-10,PHP-разработчик с 0 до PRO. Часть 1,0.0
ccbab00e99b27f83369d6cc89d914ad6,2017-11,PHP-разработчик с 0 до PRO. Часть 1,0.0
ccbab00e99b27f83369d6cc89d914ad6,2017-12,PHP-разработчик с 0 до PRO. Часть 1,0.0
ccbab00e99b27f83369d6cc89d914ad6,2018-01,PHP-разработчик с 0 до PRO. Часть 1,0.0
ccbab00e99b27f83369d6cc89d914ad6,2018-02,PHP-разработчик с 0 до PRO. Часть 1,0.0
ccbab00e99b27f83369d6cc89d914ad6,2018-03,PHP-разработчик с 0 до PRO. Часть 1,4.0
ccbab00e99b27f83369d6cc89d914ad6,2018-04,PHP-разработчик с 0 до PRO. Часть 1,26.0
ccbab00e99b27f83369d6cc89d914ad6,2018-05,PHP-разработчик с 0 до PRO. Часть 1,37.0
ccbab00e99b27f83369d6cc89d914ad6,2018-06,PHP-разработчик с 0 до PRO. Часть 1,56.0
ccbab00e99b27f83369d6cc89d914ad6,2018-07,PHP-разработчик с 0 до PRO. Часть 1,92.0
ccbab00e99b27f83369d6cc89d914ad6,2018-08,PHP-разработчик с 0 до PRO. Часть 1,86.0
ccbab00e99b27f83369d6cc89d914ad6,2018-09,PHP-разработчик с 0 до PRO. Часть 1,115.0
ccbab00e99b27f83369d6cc89d914ad6,2018-10,PHP-разработчик с 0 до PRO. Часть 1,146.0
ccbab00e99b27f83369d6cc89d914ad6,2018-11,PHP-разработчик с 0 до PRO. Часть 1,129.0
ccbab00e99b27f83369d6cc89d914ad6,2018-12,PHP-разработчик с 0 до PRO. Часть 1,162.0
ccbab00e99b27f83369d6cc89d914ad6,2019-01,PHP-разработчик с 0 до PRO. Часть 1,186.0
ccbab00e99b27f83369d6cc89d914ad6,2019-02,PHP-разработчик с 0 до PRO. Часть 1,125.0
ccbab00e99b27f83369d6cc89d914ad6,2019-03,PHP-разработчик с 0 до PRO. Часть 1,161.0
ccbab00e99b27f83369d6cc89d914ad6,2019-04,PHP-разработчик с 0 до PRO. Часть 1,172.0
ccbab00e99b27f83369d6cc89d914ad6,2019-05,PHP-разработчик с 0 до PRO. Часть 1,172.0
ccbab00e99b27f83369d6cc89d914ad6,2019-06,PHP-разработчик с 0 до PRO. Часть 1,126.0
ccbab00e99b27f83369d6cc89d914ad6,2019-07,PHP-разработчик с 0 до PRO. Часть 1,66.0
dad6f6ffc086caa89e2f40c28a9c7490,2016-03,UX-дизайн,0.0
dad6f6ffc086caa89e2f40c28a9c7490,2016-04,UX-дизайн,0.0
dad6f6ffc086caa89e2f40c28a9c7490,2016-05,UX-дизайн,0.0
dad6f6ffc086caa89e2f40c28a9c7490,2016-06,UX-дизайн,0.0
dad6f6ffc086caa89e2f40c28a9c7490,2016-07,UX-дизайн,0.0
dad6f6ffc086caa89e2f40c28a9c7490,2016-08,UX-дизайн,0.0
dad6f6ffc086caa89e2f40c28a9c7490,2016-09,UX-дизайн,0.0
dad6f6ffc086caa89e2f40c28a9c7490,2016-10,UX-дизайн,0.0
dad6f6ffc086caa89e2f40c28a9c7490,2016-11,UX-дизайн,4.0
dad6f6ffc086caa89e2f40c28a9c7490,2016-12,UX-дизайн,2.0
dad6f6ffc086caa89e2f40c28a9c7490,2017-01,UX-дизайн,1.0
dad6f6ffc086caa89e2f40c28a9c7490,2017-02,UX-дизайн,2.0
dad6f6ffc086caa89e2f40c28a9c7490,2017-03,UX-дизайн,1.0
dad6f6ffc086caa89e2f40c28a9c7490,2017-04,UX-дизайн,2.0
dad6f6ffc086caa89e2f40c28a9c7490,2017-05,UX-дизайн,3.0
dad6f6ffc086caa89e2f40c28a9c7490,2017-06,UX-дизайн,6.0
dad6f6ffc086caa89e2f40c28a9c7490,2017-07,UX-дизайн,1.0
dad6f6ffc086caa89e2f40c28a9c7490,2017-08,UX-дизайн,0.0
dad6f6ffc086caa89e2f40c28a9c7490,2017-09,UX-дизайн,0.0
dad6f6ffc086caa89e2f40c28a9c7490,2017-10,UX-дизайн,0.0
dad6f6ffc086caa89e2f40c28a9c7490,2017-11,UX-дизайн,0.0
dad6f6ffc086caa89e2f40c28a9c7490,2017-12,UX-дизайн,0.0
dad6f6ffc086caa89e2f40c28a9c7490,2018-01,UX-дизайн,0.0
dad6f6ffc086caa89e2f40c28a9c7490,2018-02,UX-дизайн,182.0
dad6f6ffc086caa89e2f40c28a9c7490,2018-03,UX-дизайн,245.0
dad6f6ffc086caa89e2f40c28a9c7490,2018-04,UX-дизайн,251.0
dad6f6ffc086caa89e2f40c28a9c7490,2018-05,UX-дизайн,237.0
dad6f6ffc086caa89e2f40c28a9c7490,2018-06,UX-дизайн,234.0
dad6f6ffc086caa89e2f40c28a9c7490,2018-07,UX-дизайн,274.0
dad6f6ffc086caa89e2f40c28a9c7490,2018-08,UX-дизайн,279.0
dad6f6ffc086caa89e2f40c28a9c7490,2018-09,UX-дизайн,358.0
dad6f6ffc086caa89e2f40c28a9c7490,2018-10,UX-дизайн,344.0
dad6f6ffc086caa89e2f40c28a9c7490,2018-11,UX-дизайн,341.0
dad6f6ffc086caa89e2f40c28a9c7490,2018-12,UX-дизайн,348.0
dad6f6ffc086caa89e2f40c28a9c7490,2019-01,UX-дизайн,405.0
dad6f6ffc086caa89e2f40c28a9c7490,2019-02,UX-дизайн,362.0
dad6f6ffc086caa89e2f40c28a9c7490,2019-03,UX-дизайн,367.0
dad6f6ffc086caa89e2f40c28a9c7490,2019-04,UX-дизайн,269.0
dad6f6ffc086caa89e2f40c28a9c7490,2019-05,UX-дизайн,246.0
dad6f6ffc086caa89e2f40c28a9c7490,2019-06,UX-дизайн,255.0
dad6f6ffc086caa89e2f40c28a9c7490,2019-07,UX-дизайн,161.0
e3a0df907589d56692b5cb561fd90d87,2016-03,Веб-дизайн с нуля 2.0,0.0
e3a0df907589d56692b5cb561fd90d87,2016-04,Веб-дизайн с нуля 2.0,0.0
e3a0df907589d56692b5cb561fd90d87,2016-05,Веб-дизайн с нуля 2.0,0.0
e3a0df907589d56692b5cb561fd90d87,2016-06,Веб-дизайн с нуля 2.0,0.0
e3a0df907589d56692b5cb561fd90d87,2016-07,Веб-дизайн с нуля 2.0,0.0
e3a0df907589d56692b5cb561fd90d87,2016-08,Веб-дизайн с нуля 2.0,0.0
e3a0df907589d56692b5cb561fd90d87,2016-09,Веб-дизайн с нуля 2.0,0.0
e3a0df907589d56692b5cb561fd90d87,2016-10,Веб-дизайн с нуля 2.0,0.0
e3a0df907589d56692b5cb561fd90d87,2016-11,Веб-дизайн с нуля 2.0,0.0
e3a0df907589d56692b5cb561fd90d87,2016-12,Веб-дизайн с нуля 2.0,0.0
e3a0df907589d56692b5cb561fd90d87,2017-01,Веб-дизайн с нуля 2.0,0.0
e3a0df907589d56692b5cb561fd90d87,2017-02,Веб-дизайн с нуля 2.0,0.0
e3a0df907589d56692b5cb561fd90d87,2017-03,Веб-дизайн с нуля 2.0,0.0
e3a0df907589d56692b5cb561fd90d87,2017-04,Веб-дизайн с нуля 2.0,0.0
e3a0df907589d56692b5cb561fd90d87,2017-05,Веб-дизайн с нуля 2.0,0.0
e3a0df907589d56692b5cb561fd90d87,2017-06,Веб-дизайн с нуля 2.0,0.0
e3a0df907589d56692b5cb561fd90d87,2017-07,Веб-дизайн с нуля 2.0,0.0
e3a0df907589d56692b5cb561fd90d87,2017-08,Веб-дизайн с нуля 2.0,0.0
e3a0df907589d56692b5cb561fd90d87,2017-09,Веб-дизайн с нуля 2.0,0.0
e3a0df907589d56692b5cb561fd90d87,2017-10,Веб-дизайн с нуля 2.0,0.0
e3a0df907589d56692b5cb561fd90d87,2017-11,Веб-дизайн с нуля 2.0,0.0
e3a0df907589d56692b5cb561fd90d87,2017-12,Веб-дизайн с нуля 2.0,0.0
e3a0df907589d56692b5cb561fd90d87,2018-01,Веб-дизайн с нуля 2.0,0.0
e3a0df907589d56692b5cb561fd90d87,2018-02,Веб-дизайн с нуля 2.0,0.0
e3a0df907589d56692b5cb561fd90d87,2018-03,Веб-дизайн с нуля 2.0,0.0
e3a0df907589d56692b5cb561fd90d87,2018-04,Веб-дизайн с нуля 2.0,0.0
e3a0df907589d56692b5cb561fd90d87,2018-05,Веб-дизайн с нуля 2.0,0.0
e3a0df907589d56692b5cb561fd90d87,2018-06,Веб-дизайн с нуля 2.0,33.0
e3a0df907589d56692b5cb561fd90d87,2018-07,Веб-дизайн с нуля 2.0,256.0
e3a0df907589d56692b5cb561fd90d87,2018-08,Веб-дизайн с нуля 2.0,450.0
e3a0df907589d56692b5cb561fd90d87,2018-09,Веб-дизайн с нуля 2.0,711.0
e3a0df907589d56692b5cb561fd90d87,2018-10,Веб-дизайн с нуля 2.0,967.0
e3a0df907589d56692b5cb561fd90d87,2018-11,Веб-дизайн с нуля 2.0,1192.0
e3a0df907589d56692b5cb561fd90d87,2018-12,Веб-дизайн с нуля 2.0,1417.0
e3a0df907589d56692b5cb561fd90d87,2019-01,Веб-дизайн с нуля 2.0,2241.0
e3a0df907589d56692b5cb561fd90d87,2019-02,Веб-дизайн с нуля 2.0,2061.0
e3a0df907589d56692b5cb561fd90d87,2019-03,Веб-дизайн с нуля 2.0,2034.0
e3a0df907589d56692b5cb561fd90d87,2019-04,Веб-дизайн с нуля 2.0,1846.0
e3a0df907589d56692b5cb561fd90d87,2019-05,Веб-дизайн с нуля 2.0,1528.0
e3a0df907589d56692b5cb561fd90d87,2019-06,Веб-дизайн с нуля 2.0,1427.0
e3a0df907589d56692b5cb561fd90d87,2019-07,Веб-дизайн с нуля 2.0,786.0
e9bb9205eeed307ee7cbaa08bfd166c3,2016-03,JavaScript с нуля,0.0
e9bb9205eeed307ee7cbaa08bfd166c3,2016-04,JavaScript с нуля,0.0
e9bb9205eeed307ee7cbaa08bfd166c3,2016-05,JavaScript с нуля,0.0
e9bb9205eeed307ee7cbaa08bfd166c3,2016-06,JavaScript с нуля,0.0
e9bb9205eeed307ee7cbaa08bfd166c3,2016-07,JavaScript с нуля,0.0
e9bb9205eeed307ee7cbaa08bfd166c3,2016-08,JavaScript с нуля,0.0
e9bb9205eeed307ee7cbaa08bfd166c3,2016-09,JavaScript с нуля,0.0
e9bb9205eeed307ee7cbaa08bfd166c3,2016-10,JavaScript с нуля,0.0
e9bb9205eeed307ee7cbaa08bfd166c3,2016-11,JavaScript с нуля,0.0
e9bb9205eeed307ee7cbaa08bfd166c3,2016-12,JavaScript с нуля,0.0
e9bb9205eeed307ee7cbaa08bfd166c3,2017-01,JavaScript с нуля,0.0
e9bb9205eeed307ee7cbaa08bfd166c3,2017-02,JavaScript с нуля,0.0
e9bb9205eeed307ee7cbaa08bfd166c3,2017-03,JavaScript с нуля,0.0
e9bb9205eeed307ee7cbaa08bfd166c3,2017-04,JavaScript с нуля,0.0
e9bb9205eeed307ee7cbaa08bfd166c3,2017-05,JavaScript с нуля,0.0
e9bb9205eeed307ee7cbaa08bfd166c3,2017-06,JavaScript с нуля,0.0
e9bb9205eeed307ee7cbaa08bfd166c3,2017-07,JavaScript с нуля,0.0
e9bb9205eeed307ee7cbaa08bfd166c3,2017-08,JavaScript с нуля,0.0
e9bb9205eeed307ee7cbaa08bfd166c3,2017-09,JavaScript с нуля,0.0
e9bb9205eeed307ee7cbaa08bfd166c3,2017-10,JavaScript с нуля,0.0
e9bb9205eeed307ee7cbaa08bfd166c3,2017-11,JavaScript с нуля,0.0
e9bb9205eeed307ee7cbaa08bfd166c3,2017-12,JavaScript с нуля,0.0
e9bb9205eeed307ee7cbaa08bfd166c3,2018-01,JavaScript с нуля,0.0
e9bb9205eeed307ee7cbaa08bfd166c3,2018-02,JavaScript с нуля,0.0
e9bb9205eeed307ee7cbaa08bfd166c3,2018-03,JavaScript с нуля,12.0
e9bb9205eeed307ee7cbaa08bfd166c3,2018-04,JavaScript с нуля,22.0
e9bb9205eeed307ee7cbaa08bfd166c3,2018-05,JavaScript с нуля,36.0
e9bb9205eeed307ee7cbaa08bfd166c3,2018-06,JavaScript с нуля,54.0
e9bb9205eeed307ee7cbaa08bfd166c3,2018-07,JavaScript с нуля,99.0
e9bb9205eeed307ee7cbaa08bfd166c3,2018-08,JavaScript с нуля,109.0
e9bb9205eeed307ee7cbaa08bfd166c3,2018-09,JavaScript с нуля,115.0
e9bb9205eeed307ee7cbaa08bfd166c3,2018-10,JavaScript с нуля,183.0
e9bb9205eeed307ee7cbaa08bfd166c3,2018-11,JavaScript с нуля,202.0
e9bb9205eeed307ee7cbaa08bfd166c3,2018-12,JavaScript с нуля,224.0
e9bb9205eeed307ee7cbaa08bfd166c3,2019-01,JavaScript с нуля,355.0
e9bb9205eeed307ee7cbaa08bfd166c3,2019-02,JavaScript с нуля,360.0
e9bb9205eeed307ee7cbaa08bfd166c3,2019-03,JavaScript с нуля,381.0
e9bb9205eeed307ee7cbaa08bfd166c3,2019-04,JavaScript с нуля,351.0
e9bb9205eeed307ee7cbaa08bfd166c3,2019-05,JavaScript с нуля,368.0
e9bb9205eeed307ee7cbaa08bfd166c3,2019-06,JavaScript с нуля,359.0
e9bb9205eeed307ee7cbaa08bfd166c3,2019-07,JavaScript с нуля,183.0
